Id,Descrizione,Autore,Archivio,Selezionato per,Luogo,comune,provincia,Tematiche,Media,Media_semplificato,Anno,Costituito da
4,"Media degli archivi: hard drive, nastri, giornali di bordo, dal 1980 ad oggi",Autori vari,"Agenzia Spaziale Italiana, Centro di Geodesia Spaziale Giuseppe Colombo",Il Paese di Cuccagna,"Matera, Italia",Matera,Matera,database;registrazioni;digitale;hard drive;nastri;spazio,oggetto fisico,altro oggetto fisico,Dal 1980 ad oggi,Serie di strumenti e dispositivi utilizzati dall’Agenzia Spaziale Italiana per tenere traccia delle attività e archiviarle
5,"Immagini dell’osservazione della terra, fotografie di LAGEOS-1 e attrezzature del Centro di Geodesia Spaziale",Autori vari,"Agenzia Spaziale Italiana, Centro di Geodesia Spaziale Giuseppe Colombo",Il Paese di Cuccagna,"Matera, Italia",Matera,Matera,fotografia;immagini satellitari;ricerca;monitoraggio;terra,fotografie incorniciate,fotografia,Dal 1980 a oggi,Una serie di fotografie e immagini incorniciate che documentano le attività dell'Agenzia Spaziale Italiana
36,"Selezione dei documenti d'archivio per gli atti di nascita, matrimonio e morte per le città di Accettura, Aliano, Alianello e Bernalda, 1809-1900",Autori vari,Archivio di Stato Matera,Il Paese di Cuccagna,"Matera, Italia",Matera,Matera,vita;morte;matrimonio;nascita;archivio di stato;registri;tracce,cartelle di documenti,documento,1809-1900,"Atti di nascita, matrimonio e morte di città e villaggi della provincia di Matera"
105,"Conversazione con Adriano Olivetti, 30 ottobre 1957 Relazione sulla situazione politica italiana, 5 dicembre 1957 Due proposte di azioni durante la campagna elettorale italiana, 1 aprile 1958 Risultato delle previsione delle elezioni (italiane), 23 maggio 1958",Autori vari,Archivio della CIA,Abitare gli archivi,USA,,,movimento comunità;affari internazionali;partito comunista italiano;adriano olivetti,corrispondenza,corrispondenza,1957-1958,Corrispondenza relativa alle analisi dell'intelligence statunitense sul panorama politico italiano alla fine degli anni '50.
14,"Disegni tecnici per la costruzione delle pompe di drenaggio, 1928-1930",Sconosciuto,Consorzio di Bonifica della Basilicata,Visione Unica,"Matera, Italia",Matera,Matera,bonifica delle paludi;irrigazione;dighe;riforestazione;gestione e distribuzione dell’acqua;xx secolo,disegno tecnico,disegno tecnico,1928-1930,Disegni della costruzione della pompa di drenaggio
15,"Cartine del fiume Bradano, 1928-30",Sconosciuto,Consorzio di Bonifica della Basilicata,Visione Unica,"Matera, Italia",Matera,Matera,bonifica delle paludi;irrigazione;dighe;riforestazione;gestione e distribuzione dell’acqua;xx secolo,disegno tecnico;cartina,disegno tecnico;cartografia,1928-1930,
16,"Cartine dei fiumi Bradano, Agri and Sinni 1928-30",Sconosciuto,Consorzio di Bonifica della Basilicata,Visione Unica,"Matera, Italia",Matera,Matera,bonifica delle paludi;irrigazione;dighe;riforestazione;gestione e distribuzione dell’acqua;xx secolo,disegno tecnico;cartina,disegno tecnico;cartografia,1928-1930,
17,"Prezzo unitario dei progetti forestali , REG. CEE 2080/9",Sconosciuto,Consorzio di Bonifica della Basilicata,Visione Unica,"Matera, Italia",Matera,Matera,bonifica delle paludi;irrigazione;dighe;riforestazione;gestione e distribuzione dell’acqua;xx secolo,documento,documento,1994,
18,"Cartina delle infrastrutture idrauliche, 1962",Sconosciuto,Consorzio di Bonifica della Basilicata,Visione Unica,"Matera, Italia",Matera,Matera,bonifica delle paludi;irrigazione;dighe;riforestazione;gestione e distribuzione dell’acqua;xx secolo,cartografia,cartografia,1962,
19,"Fotografie della costruzione della diga di San Giuliano, 1952-1954",Sconosciuto,Consorzio di Bonifica della Basilicata,Visione Unica,"Matera, Italia",Matera,Matera,bonifica delle paludi;irrigazione;dighe;riforestazione;gestione e distribuzione dell’acqua;xx secolo,fotografia,fotografia,1952-1954,
20,"Piano di bonifica generale: Caratteristiche climatiche, 1953",Sconosciuto,Consorzio di Bonifica della Basilicata,Visione Unica,"Matera, Italia",Matera,Matera,bonifica delle paludi;irrigazione;dighe;riforestazione;gestione e distribuzione dell’acqua;xx secolo,pubblicazione tecnica,documento,1953,
32,"Mappe catastali del patrimonio ecclesiastico presente a Matera: Platea S. Lucia, 1592",Sconosciuto,Archivio di Stato Matera,Le due culture;Visione Unica,"Matera, Italia",Matera,Matera,mappe;cartine;disegni dei terreni;manoscritto,manoscritto,cartografia,1952,Mappe catastali delle terre di proprietà del convento di Santa Lucia di Matera.
33,"Mappe catastali del patrimonio ecclesiastico presente a Matera: Platea S. Agostino, 1794",Sconosciuto,Archivio di Stato Matera,Le due culture;Visione Unica,"Matera, Italia",Matera,Matera,mappe;cartine;disegni dei terreni;manoscritto,manoscritto,cartografia,1794,Mappe catastali delle terre di proprietà del convento di S. Agostino a Matera
34,"Mappe catastali del patrimonio ecclesiastico presente a Matera: Platea S. Pietro Caveoso, 1601",Sconosciuto,Archivio di Stato Matera,Le due culture;Visione Unica,"Matera, Italia",Matera,Matera,mappe;cartine;disegni dei terreni;manoscritto,manoscritto,cartografia,1601,Mappe catastali delle terre di proprietà del convento di S. Pietro Caveoso a Matera
35,"Mappe catastali del patrimonio ecclesiastico a Matera: Platea S. Francesco, 1682",Sconosciuto,Archivio di Stato Matera,Le due culture;Visione Unica,"Matera, Italia",Matera,Matera,mappe;cartine;disegni dei terreni;manoscritto,manoscritto,cartografia,1682,Mappe catastali delle terre di proprietà del convento di S. Francesco a Matera
50,"Il Picentino, 1846",Sconosciuto,Biblioteca Digitale Italiana,Visione Unica,"Roma, Italia",Roma,Roma,agricoltura;vita agricola;documento;rivista,giornale periodico,rivista,1846,Giornale periodico pubblicato da Ecnomic Society  - Principato Citeriore
68,"Cartine per il ripristino e il miglioramento del bacino del fiume Agri, 1952",Sconosciuto,Enzo Viti,Visione Unica,"Matera, Italia",Matera,Matera,bonifica delle paludi;irrigazione;dighe;riforestazione;gestione e distribuzione dell’acqua;xx secolo,disegno tecnico,disegno tecnico,1952,
83,"Maschere di carnevale di Aliano, 2019",Sconosciuto,Rete Carnevali e Maschere della Lucania a valenza antropologica e culturale,Visione Unica,"Aliano (MT), Italia",Aliano,Matera,carnevale;maschera;rito;danza,maschera,altro oggetto fisico,2019,"Nelle città della Basilicata, i festeggiamenti del carnevale sono una parte centrale dell'Anno e ogni maschera di carnevale è diversa dall’altra. Le maschere con corna di Aliano (insieme all'orso di Teana, alla mucca e al toro di Tricarico e all'eremita di Satriano) sono una figura tradizionale che, talvolta in modo discreto talvolta in modo più esplicito, rivelano i temi della fertilità, della natura selvaggia e indomabile, e dei tentativi dell'uomo di trovare modi diversi di interagire con l'ambiente naturale."
84,"Maschere di carnevale di Teana, 2019",Sconosciuto,Rete Carnevali e Maschere della Lucania a valenza antropologica e culturale,Visione Unica,"Teana (PZ), Italia",Teana,Potenza,carnevale;maschera;orso;danza;rito,maschera,altro oggetto fisico,2019,"Nei comuni di tutta la Basilicata, i festeggiamenti del carnevale sono una parte importante dell'anno e ogni maschera di carnevale è diversa dall'altra. L'orso di Teana (insieme alla mucca e al toro di Tricarico, alle maschere con corna di Aliano e all'eremita di Satriano) è una figura tradizionale che, talvolta in modo discreto talvolta in modo più esplicito, rivela i temi della fertilità, della natura selvaggia e indomabile, e dei tentativi dell'uomo di trovare modi diversi di interagire con l'ambiente naturale"
85,"Maschere di carnevale di Tricarico, 2019",Sconosciuto,Rete Carnevali e Maschere della Lucania a valenza antropologica e culturale,Visione Unica,"Tricarico (MT), Italia",Tricarico,Matera,maschera;campana;rito;carnevale;danza;mucca,maschera,altro oggetto fisico,2019,"Nei vari comuni della Basilicata, i festeggiamenti del carnevale sono una parte importante dell'anno e ogni maschera di carnevale è diversa dall'altra. La mucca e il toro di Tricarico (insieme all'orso di Teana, alle maschere cornute di Aliano e all'eremita di Satriano) sono figure tradizionali che,talvolta in modo discreto talvolta in modo più esplicito, rivelano i temi della fertilità, della natura selvaggia e indomabile, e dei tentativi dell'uomo di trovare modi diversi di interagire con l'ambiente naturale."
86,"Maschere di carnevale di Satriano di Lucania, 2019",Sconosciuto,Rete Carnevali e Maschere della Lucania a valenza antropologica e culturale,Visione Unica,"Satriano di Lucania (PZ), Italia",Satriano di Lucania,Potenza,maschera;albero;foresta;rito;carnevale,maschera,altro oggetto fisico,2019,"Nei vari comuni della Basilicata, i festeggiamenti del carnevale sono una parte importante dell'anno e ogni maschera di carnevale è diversa dall'altra. L'eremita di Satriano (insieme all'orso di Teana, alla mucca e al toro di Tricarico e alle maschere con corna di Aliano) è una figura tradizionale che, talvolta in modo discreto talvolta in modo più esplicito, rivela i temi della fertilità, della natura selvaggia e indomabile, e dei tentativi dell'uomo di trovare modi diversi di interagire con l'ambiente naturale"
106,Matera Via Roma 1982,Sconosciuto,YouTube,Abitare gli archivi,Online,,,cultura giovanile;vita urbana;movimento,video,video,1982,Un video amatoriale di giovani ragazzi che passeggiano e parlano per le strade di Matera
108,"Cartoline di Matera, 1970 circa",Sconosciuto,Archivio privato,Abitare gli archivi,"Matera, Italia",Matera,Matera,modernizzazione;architettura;cambiamento urbano,cartoline,cartoline,1970 circa,Una serie di cartoline di Matera stampate negli anni Settanta mostrano l'architettura moderna della città che viene evidenziata rispetto ai monumenti storici e religiosi di Matera al fine di fornire una rappresentazione secolare e moderna di questo luogo
110,"Cartoline di Matera, 1970 circa",Sconosciuto,Archivio privato,Abitare gli archivi,"Matera, Italia",Matera,Matera,modernizzazione;architettura;cambiamento urbano,cartoline,cartoline,1970 circa,Una serie di cartoline di Matera stampate negli anni Settanta mostrano l'architettura moderna della città che viene messa in evidenza rispetto ai monumenti storici e religiosi di Matera probabilmente al fine di fornire una rappresentazione secolare e moderna di questo luogo
6,"Sequenza di immagini registrate ogni 15' da Meteosat Second Generation 4, 2019",Agenzia Spaziale Italiana;Eumetsat,"Agenzia Spaziale Italiana, Centro di Geodesia Spaziale Giuseppe Colombo",Visione Unica,"Matera, Italia",Matera,Matera,ricerca scientifica;sistema satellitare;monitoraggio terrestre;cambiamento climatico;antropocene,sequenze di immagini registrate attraverso la rete di satelliti meteosat,immagine satellitare,2019,Immagini registrate utilizzate per monitorare l'atmosfera terrestre ai fini dell'osservazione del clima
7,"Sequenza di immagini registrate ogni 60', Atmospheric Motion Vectors, Meteosat, 2019",Agenzia Spaziale Italiana;Eumetsat,"Agenzia Spaziale Italiana, Centro di Geodesia Spaziale Giuseppe Colombo",Visione Unica,"Matera, Italia",Matera,Matera,ricerca scientifica;sistema satellitare;monitoraggio terrestre;cambiamento climatico;antropocene,sequenze di immagini registrate attraverso la rete di satelliti meteosat,immagine satellitare,2019,Immagini registrate utilizzate per monitorare l'atmosfera terrestre ai fini dell'osservazione del clima
8,"Sequenza di immagini registrate ogni 60’, RGB Composites Ash, 2019",Agenzia Spaziale Italiana;Eumetsat,"Agenzia Spaziale Italiana, Centro di Geodesia Spaziale Giuseppe Colombo",Visione Unica,"Matera, Italia",Matera,Matera,ricerca scientifica;sistema satellitare;monitoraggio terrestre;cambiamento climatico;antropocene,sequenze di immagini registrate attraverso la rete di satelliti meteosat,immagine satellitare,2019,Immagini registrate utilizzate per monitorare l'atmosfera terrestre ai fini dell'osservazione del clima
9,"Sequenza di immagini registrate ogni 60’, Cloud Top Height, Meteosat, 2019",Agenzia Spaziale Italiana;Eumetsat,"Agenzia Spaziale Italiana, Centro di Geodesia Spaziale Giuseppe Colombo",Visione Unica,"Matera, Italia",Matera,Matera,ricerca scientifica;sistema satellitare;monitoraggio terrestre;cambiamento climatico;antropocene,sequenze di immagini registrate attraverso la rete di satelliti meteosat,immagine satellitare,2019,Immagini registrate utilizzate per monitorare l'atmosfera terrestre ai fini dell'osservazione del clima
10,"Sequenza di immagini registrate ogni 60’, Multi-Sensor Precipitation Estimate, Meteosat, 2019",Agenzia Spaziale Italiana;Eumetsat,"Agenzia Spaziale Italiana, Centro di Geodesia Spaziale Giuseppe Colombo",Visione Unica,"Matera, Italia",Matera,Matera,ricerca scientifica;sistema satellitare;monitoraggio terrestre;cambiamento climatico;antropocene,sequenze di immagini registrate attraverso la rete di satelliti meteosat,immagine satellitare,2019,Immagini registrate utilizzate per monitorare l'atmosfera terrestre ai fini dell'osservazione del clima
11,"Sequenza di immagini registrate ogni 60’, RGB Composites Convection, Meteosat, 2019",Agenzia Spaziale Italiana;Eumetsat,"Agenzia Spaziale Italiana, Centro di Geodesia Spaziale Giuseppe Colombo",Visione Unica,"Matera, Italia",Matera,Matera,ricerca scientifica;sistema satellitare;monitoraggio terrestre;cambiamento climatico;antropocene,sequenze di immagini registrate attraverso la rete di satelliti meteosat,immagine satellitare,2019,Immagini registrate utilizzate per monitorare l'atmosfera terrestre ai fini dell'osservazione del clima
12,"Sequenza di immagini registrate ogni 60’, Multi-Sensor Precipitation Estimate, Meteosat, 2019",Agenzia Spaziale Italiana;Eumetsat,"Agenzia Spaziale Italiana, Centro di Geodesia Spaziale Giuseppe Colombo",Visione Unica,"Matera, Italia",Matera,Matera,ricerca scientifica;sistema satellitare;monitoraggio terrestre;cambiamento climatico;antropocene,sequenze di immagini registrate attraverso la rete di satelliti meteosat,immagine satellitare,2019,Immagini registrate utilizzate per monitorare l'atmosfera terrestre ai fini dell'osservazione del clima
75,"Registrazione del suono del cucù, 2019",Alberico Larato,Alberico Larato,Il Paese di Cuccagna,"Matera, Italia",Matera,Matera,tradizioni artigianali;oggetti sonori;cucù;fischietti;strumenti musicali;storia musicale,registrazione dei suoni,audio,2019,Registrazione di tre melodie sovrapposte suonate con un cucù da Alberico Larato e Francesco Mitarotonda
2,"All Sky Camera, dispositivo utilizzato per il monitoraggio delle nuvole dal vivo, 2019",All Sky Camera,"Agenzia Spaziale Italiana, Centro di Geodesia Spaziale Giuseppe Colombo",Le due culture,"Agenzia Spaziale Italiana, Centro di Geodesia Spaziale Giuseppe Colombo",Matera,Matera,ricerca scientifica,video,video,2019,Video in diretta
55,"Mappa animata delle temperature, 2017",ALSIA,"Agenzia Lucana di Sviluppo e di Innovazione Agricola (ALSIA), Matera",Visione Unica,"Pantanello di Metaponto (MT), Tricarico (MT) e Pantano di Pignola (PZ), Italia",Bernalda;Tricarico;Pignola,Matera;Basilicata,agricoltura;ricerca;archivio;unità abitativa;infrastruttura;terreni agricoli,mappa animata,cartografia,2017,Infografica della mappa della temperatura della Basilicata
56,"Immagini tratte da ‘Le Antiche Varietà di Fagiolo dell’Area Sud della Basilicata’, I Quaderni dell’ALSIA, 2018",ALSIA,"Agenzia Lucana di Sviluppo e di Innovazione Agricola (ALSIA), Matera",Visione Unica,"Pantanello di Metaponto (MT), Tricarico (MT) e Pantano di Pignola (PZ), Italia",Bernalda;Tricarico;Pignola,Matera;Basilicata,agricoltura;ricerca;archivio;unità abitativa;infrastruttura;terreni agricoli,diario,diario,2018,La rivista sostiene e diffonde le innovazioni nel campo dell'agricoltura
57,"Strutture della Riforma Agraria, tra cui un pozzo, un giardino e un magazzino, Lavello ca. 1960",ALSIA,"Agenzia Lucana di Sviluppo e di Innovazione Agricola (ALSIA), Matera",Abitare gli archivi,"Pantanello di Metaponto (MT), Tricarico (MT) e Pantano di Pignola (PZ), Italia",Bernalda;Tricarico;Pignola,Matera;Basilicata,agricoltura;ricerca;archivio;unità abitativa;infrastruttura;terreni agricoli,fotografia,fotografia,1960 circa,
58,"Mappa di ripartizione dei terreni della Riforma Agraria di Bernalda 1:4000, 1955 circa",ALSIA,"Agenzia Lucana di Sviluppo e di Innovazione Agricola (ALSIA), Matera",Abitare gli archivi,"Pantanello di Metaponto (MT), Tricarico (MT) e Pantano di Pignola (PZ), Italia",Bernalda;Tricarico;Pignola,Matera;Basilicata,agricoltura;ricerca;archivio;unità abitativa;infrastruttura;terre agricole,disegno tecnico,disegno tecnico,1955 circa,
59,"Mappa di ripartizione dei terreni della Riforma Agraria di Ferrandina 1:4000, ca. 1955",ALSIA,"Agenzia Lucana di Sviluppo e di Innovazione Agricola (ALSIA), Matera",Abitare gli archivi,"Pantanello di Metaponto (MT), Tricarico (MT) e Pantano di Pignola (PZ), Italia",Bernalda;Tricarico;Pignola,Matera;Basilicata,agricoltura;ricerca;archivio;unità abitativa;infrastruttura;terre agricole,disegno tecnico,disegno tecnico,1955 circa,
60,"Costruzione delle unità abitative in seguito alla Riforma Agraria, 1950 circa",ALSIA,"Agenzia Lucana di Sviluppo e di Innovazione Agricola (ALSIA), Matera",Abitare gli archivi,"Pantanello di Metaponto (MT), Tricarico (MT) e Pantano di Pignola (PZ), Italia",Bernalda;Tricarico;Pignola,Matera;Basilicata,agricoltura;ricerca;archivio;unità abitativa;infrastruttura;terre agricole,disegno tecnico,disegno tecnico,1950 circa,
61,"Consigli per le donne tratti da una pubblicazione sulla Riforma Agraria, 1950 circa",ALSIA,"Agenzia Lucana di Sviluppo e di Innovazione Agricola (ALSIA), Matera",Abitare gli archivi,"Pantanello di Metaponto (MT), Tricarico (MT) e Pantano di Pignola (PZ), Italia",Bernalda;Tricarico;Pignola,Matera;Basilicata,agricoltura;ricerca;archivio;unità abitativa;infrastruttura;terre agricole,pubblicazione,articolo,1950 circa,"Pagina tratta dalla pubblicazione ""Vita Contadina"""
62,"Pagina tratta dalla rivista sulla Riforma Agraria, ca. 1950",ALSIA,"Agenzia Lucana di Sviluppo e di Innovazione Agricola (ALSIA), Matera",Abitare gli archivi,"Pantanello di Metaponto (MT), Tricarico (MT) e Pantano di Pignola (PZ), Italia",Bernalda;Tricarico;Pignola,Matera;Basilicata,agricoltura;ricerca;archivio;unità abitativa;infrastruttura;terre agricole,pubblicazione,articolo,1950 circa,"Pagina tratta dalla pubblicazione ""Vita Contadina"""
63,"Alloggi costruiti nei pressi di Pisticci in seguito alla Riforma Agraria,1955 circa",ALSIA,"Agenzia Lucana di Sviluppo e di Innovazione Agricola (ALSIA), Matera",Abitare gli archivi,"Pantanello di Metaponto (MT), Tricarico (MT) e Pantano di Pignola (PZ), Italia",Bernalda;Tricarico;Pignola,Matera;Basilicata,agricoltura;ricerca;archivio;unità abitativa;infrastruttura;terre agricole,fotografia,fotografia,1955 circa,
64,"Sezione unità abitative costruite in seguito alla Riforma Agraria, 1950 circa",ALSIA,"Agenzia Lucana di Sviluppo e di Innovazione Agricola (ALSIA), Matera",Abitare gli archivi,"Pantanello di Metaponto (MT), Tricarico (MT) e Pantano di Pignola (PZ), Italia",Bernalda;Tricarico;Pignola,Matera;Basilicata,agricoltura;ricerca;archivio;unità abitativa;infrastruttura;terre agricole,disegno tecnico,disegno tecnico,1950 circa,
65,"Fotografia di giovani uomini seduti alle scrivanie, 1960 circa",ALSIA,"Agenzia Lucana di Sviluppo e di Innovazione Agricola (ALSIA), Matera",Abitare gli archivi,"Pantanello di Metaponto (MT), Tricarico (MT) e Pantano di Pignola (PZ), Italia",Bernalda;Tricarico;Pignola,Matera;Basilicata,agricoltura;ricerca;archivio;unità abitativa;infrastruttura;terre agricole,fotografia,fotografia,1960 circa,
66,"Progetto della unità abitative costruite in seguito alla Riforma Agraria, 1950 circa",ALSIA,"Agenzia Lucana di Sviluppo e di Innovazione Agricola (ALSIA), Matera",Abitare gli archivi,"Pantanello di Metaponto (MT), Tricarico (MT) e Pantano di Pignola (PZ), Italia",Bernalda;Tricarico;Pignola,Matera;Basilicata,agricoltura;ricerca;archivio;unità abitativa;infrastruttura;terre agricole,disegno tecnico,disegno tecnico,1950 circa,
88,"Colonne di sostegno delle riprese di Ben-Hur, 2016",Artista sconosciuto,Deposito dell’Archivio del Comune di Matera,Il Paese di Cuccagna,"Matera, Italia",Matera,Matera,oggetti per la scenografia;allestimento scenografico;scenografia;fiction,sculture in resina e legno,scultura,2016,Colonne prodotte e utilizzate a Matera per il set cinematografico del film Ben-Hur.
89,"Pietra tombale per il set cinematografico del film Ben-Hur, 2016",Artista sconosciuto,Deposito dell’Archivio del Comune di Matera,Il Paese di Cuccagna,"Matera, Italia",Matera,Matera,oggetti per la scenografia;allestimento scenografico;scenografia;fiction,sculture in resina e legno,scultura,2016,Pietra tombale usata durante le riprese a Matera del film Ben-Hur.
45,"Braccianti, 1960",Axel Rupp,Cineteca di Bologna,Visione Unica,"Bologna, Italia",Bologna,Bologna,agricoltura;documentario;lavoro;vita agricola,film,film,1960,
44,"Il Demonio, 1963",Brunello Rondi,Titanus Film,Visione Unica;Thauma;Il Paese di Cuccagna,"Roma, Italia",Roma,Roma,film;storia del cinema;il demonio;brunello rondi;matera;basilicata;esorcismo;spider walk,film,film,1963,
102,"Piantina generale del quartiere di Spine Bianche, 1955-1959 Piantine delle unità abitative del quartiere di Spine Bianche, 1955-1959 Veduta ddel quartiere di Spine Bianche, ca. 1960",Carlo Aymonino;Giancarlo De Carlo;Michele Valori;*Autori vari,"MAXXI Museo nazionale delle arti del XXI secolo, Roma Collezione MAXXI Architettura Archivio Michele Valori",Abitare gli archivi,"Roma, Italia",Roma,Roma,pianificazione urbana;alloggi popolari;giancarlo de carlo,piantine architettoniche;fotografia,piantina architettonica;fotografia,1955-1960,Questi materiali fanno parte della documentazione della progettazione e della costruzione degli alloggi popolari di Spine Bianche realizzato per trasferire gli abitanti dei Sassi di Matera.
87,"Zampogne di varie dimensioni, 1900-2015 circa",Carmine Trimarco;Antonio Forastiero;Quirino Valvano;Vincenzo Di Sanzo,Nicola Scaldaferri,Il Paese di Cuccagna,"S. Costantino Albanese (PZ), Italia",San Costantino Albanese,Potenza,cultura arbëresh;tradizioni musicali;etnomusicologia;strumenti musicali,strumenti musicali,altro oggetto fisico,1900-2015 circa,"La zampogna - la variazione della cornamusa originaria del Sud Italia - è realizzata con una sola pelle di capra, che viene curata, girata al rovescio e legata davanti alle zampe posteriori. Una zampa anteriore serve a tenere l'imboccatura, mentre le canne sono legate al collo dell'animale"
79,Varietà di fagioli locali della Basilicata,Centro Ricerche Metapontum Agrobios,Centro Ricerche Metapontum Agrobios,Visione Unica,"Pantanello di Metaponto (MT), Italia",Bernalda,Matera,biotecnologie verdi;ricerca sulle piante;banca del seme,fagioli essiccati,altro oggetto fisico,,Campioni di legumi e altre piante della Basilicata.
80,Varietà di grano della Basilicata e del bacino del Mediterraneo,Centro Ricerche Metapontum Agrobios,Centro Ricerche Metapontum Agrobios,Visione Unica,"Pantanello di Metaponto (MT), Italia",Bernalda,Matera,biotecnologie verdi;ricerca sulle piante;banca del seme,mazzi di grano,altro oggetto fisico,,"Campioni di varietà di grano del bacino del Mediterraneo, conservati nei cassetti d'archivio dei laboratori del Centro Ricerche Metapontum Agrobios"
3,"Lago di San Giuliano, immagini radar tratte dalla missione COSMO SkyMed, 2011–2015",COSMO SkyMed,"Agenzia Spaziale Italiana, Centro di Geodesia Spaziale Giuseppe Colombo",Le due culture,"Lago di San Giuliano, Matera",Matera,Matera,ricerca scientifica,video,video,2011-2015,Videoclip con immagini satellitari
90,"Italiani: Il sindaco di Montemilone: la politica di una piccola città italiano e del suo sindaco comunista, Dino Labriola, 1984",David Willey;Jeremy Bennett;Adam Curtis,Archivio della BBC,Abitare gli archivi,Regno Unito,,,comunismo;montemilone;industrializzazione,film,film,1984,"Documentario della BBC One Series Italians. Questo breve documentario descrive i processi e le tribolazioni di Dino Labriola, il sindaco comunista di Montemilone, un paese della Basilicata. Racconta la vita personale e le ambizioni del sindaco che in gioventù si è trasferito a Torino come emigrato per motivi di lavoro ed è tornato nella sua città natale per diventare il primo sindaco comunista del paese. Il documentario è un esempio unico delle difficoltà incontrate dalle città rurali del sud Italia negli anni Ottanta, e affronta i temi dell'industrializzazione, della casa e del lavoro"
72,"Lu Nigghje, 1952",Diego Carpitella,"Archivio di Etnomusicologia, Accademia Nazionale di Santa Cecilia",Visione Unica;Il Paese di Cuccagna,"Roma, Italia",Roma,Roma,etnomusicologia;diego carpitella;ernesto de martino;audio,file audio,audio,1952,"""Lu Nigghje"" riproduce un canto di un gioco durante il raccolto. Le voci e il canto registrati, il contesto sociale e le origini storiche sono stati oggetti di studio."
76,"Calendario di Frate Indovino, 1978",Edizioni Frate Indovino,Archivio dello Studio di Formafantasma,Visione Unica,"Amsterdam, Olanda",,,agricoltura;coltivazione;magia;religione,calendario,calendario,1978,Calendario
77,"Calendario di Frate Indovino, 2019",Edizioni Frate Indovino,Archivio dello Studio di Formafantasma,Visione Unica,"Amsterdam, Olanda",,,agricoltura;coltivazione;magia;religione,calendario,calendario,2019,Calendario
69,"Meeting, Matera, 1974",Enzo Viti,Enzo Viti,Abitare gli archivi,"Matera, Italia",Matera,Matera,allestimento;club;discoteca;disegno grafico;disegno,fotografia,fotografia,1974,Fotografie del Meeting Club progettata Enzo Viti
70,"Piper Club, Matera, 1971",Enzo Viti,Enzo Viti,Abitare gli archivi,"Matera, Italia",Matera,Matera,allestimento;club;discoteca;disegno grafico;disegno,fotografia,fotografia,1971,Fotografie del Piper Club progettate da Enzo Viti
71,"Volantini, 1970",Enzo Viti,Enzo Viti,Abitare gli archivi,"Matera, Italia",Matera,Matera,concerto;volantini;discoteca;disegno grafico;disegno,volantini fatti a mano,volantino,1970,Volantino per il concerto di Patty Pravo a Matera progettato da Enzo Viti
54,"Materiali audiovisivi della Chiesa di Sant’Andrea al Casalnuovo, 2016",Enzo Viti;Teresa Lupo,Matera Sotterranea,Visione Unica,"Matera, Italia",Matera,Matera,matera;sotterranea;grotta;censimento;disegno architettonico;cisterna;raccolta delle acque,film,film,2016,"Video di un censimento, Chiesa di Sant’Andrea al Casalnuovo"
13,"Fotografie di archivio dei lavori infrastrutturali in Basilicata, 1952-1967",Fotografi non conosciuti,Consorzio di Bonifica della Basilicata,Visione Unica;Thauma,"Matera, Italia",Matera,Matera,irrigazione;dighe;gestione e distribuzione dell’acqua;xx secolo,fotografia,fotografia,1952-1967,Materiale fotografico composto da singole fotografie e album che illustrano le infrastrutture e gli interventi idrogeologici realizzati dal Consorzio di Bonifica di Bradano e Metaponto.
29,"Un secolo di canzoni: fogli volanti, Parenti Editore, 1961",Francesco Rocchi,Fondazione Leonardo Sinisgalli,Le due culture,"Montemurro (PZ), Italia",Montemurro,Potenza,ballate;canzoni regionali;poesia;innovazione;modernizzazione;tecnologia,libro;disco in vinile,libro;audio,1961,Un libro e un disco in vinile
104,"Adriano Olivetti durante un comizio di Comunità Movimento, con Leonardo Sacco e Pietro Ricciardi Corripondenza tra Friedmann e Martoglio, 1951-1952 Relazione su La Martella, 1953 Articoli vari tratti da Comunità, 1950-1958",Friedrich Friedmann;Gianni Martoglio,Archivio Fondazione Adriano Olivetti,Abitare gli archivi,Roma e Ivrea,Roma;Ivrea,Roma;Torino,la martella;pianificazione urbana;olivetti;italia meridionale,corrispondenza;articoli di riviste;fotografia,corrispondenza;articolo;fotografia,1950-1958,Documenti sullo sviluppo del borgo La Martella e della Comunità Movimento in Basilicata
92,"Autocostruzione di un rifugio, 2012",Gervasio Ungolo,Osservatorio Migranti della Basilicata,Abitare gli archivi,Palazzo San Gervasio,Palazzo San Gervasio,Potenza,agricoltori migranti;mediterraneo;unità abitativa,fotografia digitale,fotografia,2012,Parte di un lavoro di anni di documentazione fotografica sulle condizioni di vita e di lavoro dei lavoratori migranti in Basilicata.
93,"Villaggio informale a Mulini Matinelle, 2018",Gervasio Ungolo,Osservatorio Migranti della Basilicata,Abitare gli archivi,Palazzo San Gervasio,Palazzo San Gervasio,Potenza,agricoltori migranti;mediterraneo;unità abitativa,fotografia digitale,fotografia,2018,Parte di un lavoro di anni di documentazione fotografica sulle condizioni di vita e di lavoro dei lavoratori migranti in Basilicata.
94,"Demolizione di case a Sterpara, 2018",Gervasio Ungolo,Osservatorio Migranti della Basilicata,Abitare gli archivi,Palazzo San Gervasio,Palazzo San Gervasio,Potenza,agricoltori migranti;mediterraneo;unità abitativa,fotografia digitale,fotografia,2018,Parte di un lavoro di anni di documentazione fotografica sulle condizioni di vita e di lavoro dei lavoratori migranti in Basilicata.
95,"Demolizione di case, 2012",Gervasio Ungolo,Osservatorio Migranti della Basilicata,Abitare gli archivi,Palazzo San Gervasio,Palazzo San Gervasio,Potenza,agricoltori migranti;mediterraneo;unità abitativa,fotografia digitale,fotografia,2012,Parte di un lavoro di anni di documentazione fotografica sulle condizioni di vita e di lavoro dei lavoratori migranti in Basilicata.
96,"Forno di una casa costruita in seguito alla Riforma Agraria a Boreano e trasformata in rifugio, 2012",Gervasio Ungolo,Osservatorio Migranti della Basilicata,Abitare gli archivi,Palazzo San Gervasio,Palazzo San Gervasio,Potenza,agricoltori migranti;mediterraneo;unità abitativa,fotografia digitale,fotografia,2012,Parte di un lavoro di anni di documentazione fotografica sulle condizioni di vita e di lavoro dei lavoratori migranti in Basilicata.
97,"Demolizione di Case a Boreano, 2015",Gervasio Ungolo,Osservatorio Migranti della Basilicata,Abitare gli archivi,Palazzo San Gervasio,Palazzo San Gervasio,Potenza,agricoltori migranti;mediterraneo;unità abitativa,fotografia digitale,fotografia,2015,Parte di un lavoro di anni di documentazione fotografica sulle condizioni di vita e di lavoro dei lavoratori migranti in Basilicata.
98,"Rifugi autocostruiti da demolire a Venosa, 2016",Gervasio Ungolo,Osservatorio Migranti della Basilicata,Abitare gli archivi,Palazzo San Gervasio,Palazzo San Gervasio,Potenza,agricoltori migranti;mediterraneo;unità abitativa,fotografia digitale,fotografia,2016,Parte di un lavoro di anni di documentazione fotografica sulle condizioni di vita e di lavoro dei lavoratori migranti in Basilicata.
99,"Video della demolizione delle case a Sterpara, 2018",Gervasio Ungolo,Osservatorio Migranti della Basilicata,Abitare gli archivi,Palazzo San Gervasio,Palazzo San Gervasio,Potenza,agricoltori migranti;mediterraneo;unità abitativa,video digitale,video,2018,Parte di un lavoro di anni di documentazione fotografica sulle condizioni di vita e di lavoro dei lavoratori migranti in Basilicata.
100,"Il Racconto: I Nuovi Braccianti, 2019",Gervasio Ungolo,Osservatorio Migranti della Basilicata,Abitare gli archivi,Palazzo San Gervasio,Palazzo San Gervasio,Potenza,emigrazione;italia meridionale;attivismo,video,video,2019,"In qualità di socio fondatore dell’ Osservatorio Migranti della Basilicata, Gervasio Ungolo racconta la storia dell’emigrazione contemporanea verso la Basilicata dal punto di vista di un attivista.
"
91,"Cronache dell'urbanistica Italiana, 1954",Giancarlo De Carlo;Carlo Doglio;Nicolò Ferrari;Vittorio Del Monte;Elio Vittorini,Archivio della Triennale di Milano,Abitare gli archivi,"Milano, Italia",Milano,Milano,pianificazione urbana;italia del dopoguerra;giancarlo de carlo,film,film,1954,Il documentario è stato presentato alla decima edizione della Triennale di Milano nel 1954 da Giancarlo De Carlo. Faceva parte di tre cortometraggi scritti con Elio Vittorini in cui denunciava le possibili derive di una moderna metropoli gestita da burocrati e tecnici in cui l'interesse di uomini e donne comuni non era prioritario e invitava lo spettatore ad agire in prima persona
42,"Opere senza titolo in pietra, legno e osso di Gianfranco Lionetti, 1999-2019",Gianfranco Lionetti,Gianfranco Lionetti,Le due culture;Il Paese di Cuccagna,"Borgo La Martella (MT), Italia",Matera,Matera,natura;archeologia;conoscenza rappresentata;scultura;cambiamento ambientale;storia naturale,scultura,scultura,Dal 1999 ad oggi,"Sculture basate su forme archetipiche della preistoria realizzate con le tecniche a disposizione degli artigiani originali, come mezzo per comprendere la cultura ai limiti della civiltà moderna. Queste opere nascono dai materiali che Gianfranco Lionetti trova durante le sue escursioni: legno, pietre, ossa di animali e frammenti di calcarenite. 
 "
67,"Il Maggio di Accettura, 1969",Giovanni B. Bronzini;Giosuè Musca,EtnoMediateca,Visione Unica,"Matera, Italia",Matera,Matera,antropologia;etnomusicologia;etnografia;audio;video;rito;albero,film,film,1969 circa,Documentario
37,"Il mondo alla rovescia, 1954",Giulio Briani,Giulio Briani,Le due culture,"Roma, Italia",Roma,Roma,documentario;scienza;poesia;film;leonardo sinisgalli,film,film,1954,"Parte di un documentario dal titolo ""Arte e Scienza"" con la direzione artistica di Leonardo Sinisgalli"
38,"Il Legno, 1955",Giulio Briani,Archivio Storico Luce,Le due culture,"Roma, Italia",Roma,Roma,tecnica;incisione del legno;cultura materiale;leonardo sinisgalli,film,film,1955,"Parte di un documentario dal titolo ""Arte e Scienza"" con la direzione artistica di Leonardo Sinisgalli"
21,"Artefatto astratto verticale lucido con cinque fori, scolpito a mano da un unico tronco",Giuseppe di Trani;Giovanni di Trani,Museo di artigianato rurale e collezione dei legni intagliati Giovanni e Giuseppe Di Trani,Visione Unica;Le due culture;Thauma;Il Paese di Cuccagna,"Convento di S. Antonio, Piazza Papa Giovanni XXIII, 14, Acerenza (Pz)",Acerenza,Potenza,cultura agro-pastorale;scultura del legno;memoria artigianale;museificazione di una cultura;scoperta e scomparsa,oggetto fisico,altro oggetto fisico,1967,1899 oggetti
22,Pollo su sedia: una scena domestica dal paesaggio rurale in Basilicata,Giuseppe di Trani;Giovanni di Trani,Museo di artigianato rurale e collezione dei legni intagliati Giovanni e Giuseppe Di Trani,Visione Unica;Le due culture;Thauma;Il Paese di Cuccagna,"Convento di S. Antonio, Piazza Papa Giovanni XXIII, 14, Acerenza (Pz)",Acerenza,Potenza,cultura agro-pastorale;scultura del legno;memoria artigianale;museificazione di una cultura;scoperta e scomparsa,oggetto fisico,altro oggetto fisico,1973,1899 oggetti
23,"Figura femminile sulla strada del ritorno a casa, scolpita nel legno",Giuseppe di Trani;Giovanni di Trani,Museo di artigianato rurale e collezione dei legni intagliati Giovanni e Giuseppe Di Trani,Visione Unica;Le due culture;Thauma;Il Paese di Cuccagna,"Convento di S. Antonio, Piazza Papa Giovanni XXIII, 14, Acerenza (Pz)",Acerenza,Potenza,cultura agro-pastorale;scultura del legno;memoria artigianale;museificazione di una cultura;scoperta e scomparsa,oggetto fisico,altro oggetto fisico,1971,1899 oggetti
24,Idealizzazione di una coppia di serpenti che si accoppiano e si intrecciano verso il cielo,Giuseppe di Trani;Giovanni di Trani,Museo di artigianato rurale e collezione dei legni intagliati Giovanni e Giuseppe Di Trani,Visione Unica;Le due culture;Thauma;Il Paese di Cuccagna,"Convento di S. Antonio, Piazza Papa Giovanni XXIII, 14, Acerenza (Pz)",Acerenza,Potenza,cultura agro-pastorale;scultura del legno;memoria artigianale;museificazione di una cultura;scoperta e scomparsa,oggetto fisico,altro oggetto fisico,1971,1899 oggetti
109,"Progetto Radio, 1977 circa",Gruppo Malve,Archivio privato,Abitare gli archivi,"Matera, Italia",Matera,Matera,underground radio;radio libera;diritti umani,radio,audio,1977,"La Legge Mammì del 1975 ha liberalizzato le reti televisive e radiotelevisive italiane, aprendo il mercato ai canali televisivi e radiofonici indipendenti. In tutto il Paese si svilupparono le cosiddette Radio Libere, ovvero le emittenti radiofoniche indipendenti. Il gruppo Malve avviò un proprio network denominato Progetto Radio. Le trasmissioni riguardavano tematiche come i diritti delle donne, i diritti dei lavoratori, la musica, la microstoria e l'architettura. Il Malve era un gruppo extra-parlamentare comunista locale che occupò un quartiere nei Sassi a partire dal 1977."
82,"L'Italia Non è un Paese Povero, 1960",Joris Ivens,Archivio Storico di ENI,Visione Unica,"Roma e Castel Gandolfo, Italia",Roma;Castel Gandolfo,Roma,comunismo;petrolio;estrazione del gas;modernizzazione industriale,film,film,1960,"Nel 1958 il presidente dell'Eni (la compagnia petrolifera e del gas Italia), Enrico Mattei, fondò l'ufficio cinematografico della società e iniziò una sistematica attività di produzione cinematografica. L'anno successivo si rivolse a uno dei documentaristi di maggior successo dell'epoca, Joris Ivens, chiedendogli di realizzare un documentario che offrisse un'immagine di prestigio per l'azienda e per la nazione. Nonostante Ivens fosse famoso per essere un comunista dichiarato, Mattei gli offrì una completa libertà creativa. Il regista realizzò un documentario in tre parti, in bianco e nero, che ritraeva un'immagine straordinaria dell'Italia dell'epoca. ""L'Italia non è un Paese Povero"" è al contempo una rappresentazione acuta e spietata della povertà nella penisola. Il film fu censurato sia dall'Eni che dalla commissione di censura cinematografica dell'Italia. Le scene di povertà, in particolare quelle girate in Basilicata, furono considerate pregiudizievoli per l'immagine della nazione. Il secondo episodio, 'La storia di due alberi', è ambientato in Basilicata. Uno è un albero di ulivo che fornisce il sostentamento a sette famiglie e l'altro, un albero di Natale, in realtà è un palo reticolare utilizzato per estrarre il metano. Nonostante l'esplicita critica sociale, il film fornisce anche un quadro della complessa storia dell'antropizzazione del territorio lucano, della continuità e del cambiamento nel passaggio dalla cultura locale a quella industriale"
26,"Civiltà delle Macchine, rivista della società Finmeccanica, 1953-1958",Leonardo Sinisgalli,Fondazione Leonardo Sinisgalli,Le due culture;Thauma,"Montemurro (PZ), Italia",Montemurro,Potenza,industria;design;poesia;ingegneria;cultura materiale,rivista,rivista,1953-1958,26 riviste
27,"La botte e il violino, rivista dell’azienda Mobili Italiani Moderni (Mim), 1964-1966",Leonardo Sinisgalli,Fondazione Leonardo Sinisgalli,Le due culture,"Montemurro (PZ), Italia",Montemurro,Potenza,disegno;cultura materiale;letteratura;filosofia,rivista,rivista,1964-1966,8 riviste
28,"I bambini e le macchine, Edizioni Del Gatto, 1955",Leonardo Sinisgalli,Fondazione Leonardo Sinisgalli,Le due culture,"Montemurro (PZ), Italia",Montemurro,Potenza,educazione;poesia;industria;modernizzazione;disegno;incisioni,libro,libro,1955,Collezione di incisioni realizzate da bambini della regione del Veneto nel 1955
30,"Rivista della società Pirelli, 1948-1951",Leonardo Sinisgalli,Fondazione Leonardo Sinisgalli,Le due culture,"Montemurro (PZ), Italia",Montemurro,Potenza,industria;scienza;tecnologia;storia aziendale;modernizzazione;pirelli,rivista,rivista,1948-1951,Serie di riviste
31,"Selezione di libri di Leonardo Sinisgalli, pubblicati dalla Mondadori 1943-1978",Leonardo Sinisgalli,Fondazione Leonardo Sinisgalli,Le due culture,"Montemurro (PZ), Italia",Montemurro,Potenza,poesia;letteratura;matematica,libro,libro,1943-1978,Serie di libri
47,"La passione del Grano, 1960",Lino Del Fra,Cineteca di Bologna,Visione Unica;Thauma,"Bologna, Italia",Bologna,Bologna,agricoltura;documentario;lavoro;vita agricola,film,film,1960,
101,"Piantine della Chiesa, unità abitative e scuola del borgo La Martella. 1952 Piantina generale del borgo La Martella, 1952 Fotografia del modello architettonico del borgo La Martella, 1952 Scorci del Borgo La Martella, 1953 circa",Ludovico Quaroni;Luigi Agati;Federico Gorio;Piero Maria Lugli;Michele Valori,"MAXXI Museo nazionale delle arti del XXI secolo, Roma Collezione MAXXI Architettura Archivio Michele Valori",Abitare gli archivi,"Roma, Italia",Roma,Roma,villaggio rurale;olivetti;quaroni,piantine architettoniche;fotografia,piantina architettonica;fotografia,1952-1953,"Questi materiali fanno parte della documentazione della progettazione e della costruzione di La Martella, un borgo rurale vicino a Matera, realizzato per trasferire gli abitanti dei Sassi di Matera."
103,"Piantina preliminare del borgo La Martella, 1952 Piantina generale del borgo La Martella, 1952 Veduta della strada principale durante la costruzione del borgo La Martella, 1952 Veduta frontale della chiesa di San Vincenzo de' Paoli, 1952",Ludovico Quaroni;Luigi Agati;Federico Gorio;Piero Maria Lugli;Michele Valori,"Archivio Fondazione Adriano Olivetti, Fondo Ludovico Quaroni",Abitare gli archivi,Roma e Ivrea,Roma;Ivrea,Roma;Torino,borgo rurale;olivetti;quaroni,piantine architettoniche;fotografia,piantina architettonica;fotografia,1952,Questi materiali fanno parte della documentazione della progettazione e della costruzione degli alloggi popolari di Spine Bianche realizzato per trasferire gli abitanti dei Sassi di Matera.
46,"La Madonna di Pierno, 1965",Luigi Di Gianni,Cineteca di Bologna,Visione Unica;Il Paese di Cuccagna,"Bologna, Italia",Bologna,Bologna,agricoltura;documentario;lavoro;vita agricola,film,film,1965,
48,"Il culto delle pietre, 1967",Luigi Di Gianni,Cineteca di Bologna,Il Paese di Cuccagna;Thauma,"Bologna, Italia",Bologna,Bologna,agricoltura;documentario;lavoro;vita agricola;magia;religione,film,film,1967,
49,"L’Attaccatura, 1971",Luigi Di Gianni,Cineteca di Bologna,Thauma;Il Paese di Cuccagna,"Bologna, Italia",Bologna,Bologna,agricoltura;documentario;lavoro;vita agricola;magia;religione,film,film,1971,
107,"Progetto Radio, 1977 circa",Malve Group,Archivio privato,Abitare gli archivi,"Matera, Italia",Matera,Matera,underground radio;radio libera;diritti umani,radio,audio,1977,"La Legge Mammì del 1975 ha liberalizzato le reti televisive e radiotelevisive italiane, aprendo il mercato ai canali televisivi e radiofonici indipendenti. In tutto il Paese si svilupparono le cosiddette Radio Libere, ovvero le emittenti radiofoniche indipendenti. Il gruppo Malve avviò un proprio network denominato Progetto Radio. Le trasmissioni riguardavano Tematiche come i diritti delle donne, i diritti dei lavoratori, la musica, la microstoria e l'architettura. Il Malve era un gruppo extra-parlamentare comunista locale che si insediò nei Sassi a partire dal 1977."
43,"Selezione di fotografie e disegni prodotti in Basilicata, 1967-2017",Mario Cresci,Archivio Mario Cresci,Le due culture;Thauma,"Bergamo, Italia",Bergamo,Bergamo,fotografia;mario cresci;disegno grafico,fotografia,fotografia,1980 circa,Selezione di opere di Mario Cresci realizzate in Basilicata a partire dal suo lavoro realizzato insieme al gruppo che si è occupato del piano urbanistico di Tricarico nel 1967.
25,"Paese Lucano, un libro di Mimmo Castellano e Leonardo Sinisgalli, 1965",Mimmo Castellano;Leonardo Sinisgalli,Fondazione Leonardo Sinisgalli,Le due culture,"Montemurro (PZ), Italia",Montemurro,Potenza,storia della basilicata;fotografia;poesia;leonardo sinisgalli;rocco scotellaro;mimmo castellano,libro,libro,1965,"Il libro contiene fotografie di Mimmo Castellano e una selezione di poesie di alcuni poeti lucani, a cura di Leonardo Sinisgalli."
81,"Nusazit: I pupazzi pirotecnici della festa della Madonna della Stella a S. Costantino Albanese. Cinquant'anni di documentazione audiovisiva, Squilibri, 2017",Nicola Scaldaferri,Laboratorio di Etnomusicologia e Antropologia Visuale (LEAV),Visione Unica,"Milano, Italia",Milano,Milano,etnomusicologia;antropologia visuale;festa religiosa;diavolo;esplosione,film,film,2017,"A S. Costantino Albanese la seconda domenica di maggio si celebra la festa della Madonna della Stella (Shër Meria Illthit). In questa occasione, vengono realizzati dei burattini di carta pirotecnici detti Nusazit, secondo una tradizione che risale al secolo scorso. I pupazzi vengono fatti saltare in aria nella piazza principale del paese esattamente nel momento in cui la statua della Madonna esce dalla chiesa per avviare la sua processione verso un santuario fuori città. Il più antico dei Nusazit è il diavolo, o Djallthi, raffigurato con due volti, quattro corna e zoccoli."
78,"Atlante d'Acqua, Bollati Boringhieri, 2001",Pietro Laureano,Archivio dello Studio di Formafantasma,Visione Unica,"Amsterdam, Olanda",,,sistema per la conservazione delle acque;città antica;architettura trogloditica,libro,libro,2001,Libro sui sistemi e metodi tradizionali della conservazione delle acque utilizzati nel mondo.
51,"Agricoltura Materana, 1931-1934",Regia Cattedra Ambulante di Agricoltura,Biblioteca Digitale Italiana,Thauma;Visione Unica,"Roma, Italia",Roma,Roma,agricoltura;vita agricola;documento;rivista,rivista periodica,rivista,1931-1934,
52,"Agricoltura Potentina, 1914",Regia Cattedra Ambulante di Agricoltura,Biblioteca Digitale Italiana,Visione Unica,"Roma, Italia",Roma,Roma,agricoltura;vita agricola;documento;rivista,rivista periodica,rivista,1914,
53,"Agricoltura del Melfese, 1910",Regia Cattedra Ambulante di Agricoltura,Biblioteca Digitale Italiana,Visione Unica,"Roma, Italia",Roma,Roma,agricoltura;vita agricola;documento;rivista,rivista periodica,rivista,1910,
1,"Immagine multispettrale della costa di Metaponto, estratta dal Programma Copernicus",Satellite Sentinel,"Agenzia Spaziale Italiana, Centro di Geodesia Spaziale Giuseppe Colombo",Le due culture,Costa di Metaponto (Potenza),Bernalda,Potenza,ricerca scientifica;sistema satellitare;monitoraggio terrestre,immagini digitali,immagine satellitare,2017,3 immagini
74,Cucù e fischietti di varie dimensioni 2006-2014,Tommaso Niglio,Alberico Larato,Il Paese di Cuccagna,"Matera, Italia",Matera,Matera,tradizioni artigianali;oggetti sonori;cucù;fischietti;strumenti musicali;storia musicale,fischietto,altro oggetto fisico,2006-2014,Fischietti tradizionali in ceramica lucani e pugliesi.
40,"Novità al Salone Internazionale dell'Auto di Torino, 1951",Toni Pagot,Archivio Storico Pirelli,Le due culture,"Milano, Italia",Milano,Milano,pirelli;storia dell’azienda;industria;tecnologia;scienza;leonardo sinisgalli,cartoni animati,cartone animato,1951,Pubblicità per i pneumatici della Pirelli diretta da Leonardo Sinisgalli (https://www.youtube.com/watch?v=N6lMDcrWtV8&t=28s)
73,"Difesa della Montagna, 1955",Ubaldo Magnaghi,Archivio Audiovisivo del Movimento Operaio e Democratico (AAMOD),Visione Unica,"Roma, Italia",Roma,Roma,antropologia;etnomusicologia;etnografia;audio;video,film,film,1955,
39,"Un millesimo di millimetro, 1949",Virgilio Sabel;Leonardo Sinisgalli,Associazione Archivio Storico Olivetti,Le due culture,"Ivrea, Italia",Ivrea,Torino,produzione industriale;tecnologia;documentario;microscopio,film,film,1949,Un film commissionato da Olivetti a Leonardo Sinisgalli
41,"Lezione di geometria, 1949",Virgilio Sabel;Leonardo Sinisgalli,Cristaldi Film,Le due culture,"Roma, Italia",Roma,Roma,geometria non euclidea;formazione;biennale di venezia;leonardo sinisgalli;mario bava;virgilio sabel,film,film,1949,Una lezione di geometria non euclidea illustrata attraverso un occhio artistico